{
  "executionRoleArn": "arn:aws:iam::<ACCOUNT>:role/<ECS-TASKDEF-EXECUTION-ROLE>",
  "containerDefinitions": [
      {
          "name": "my-app",
          "image": "<ACCOUNT>.dkr.ecr.<REGION>.amazonaws.com/<ECR-IMAGE>:latest",
          "portMappings": [
              {
                  "containerPort": 8081,
                  "hostPort": 8081,
                  "protocol": "tcp"
              }
          ],
          "essential": true
      }
  ],
  "family": "<ECS-TASKDEF-FAMILY-NAME>",
  "requiresCompatibilities": [
      "FARGATE"
  ],
  "networkMode": "awsvpc",
  "cpu": "512",
  "memory": "1024"
}
